binding_energy_eV,intensity,background,co2_peak,co3_peak,fitted
7.688949999999999818e+02,-3.892309999999999803e+01,-3.892195706497906826e+01,1.369102071125558011e-18,6.274724534680197063e-64,-3.892195706497906826e+01
7.689950000000000045e+02,-3.815520000000000067e+01,-3.815390756722427312e+01,3.387009922873533730e-18,6.358815461272479352e-63,-3.815390756722427312e+01
7.690950000000000273e+02,-3.716279999999999717e+01,-3.716134788013506096e+01,8.307496183116484192e-18,6.329238796710774679e-62,-3.716134788013506096e+01
7.691950000000000500e+02,-3.516460000000000008e+01,-3.516301496380854275e+01,2.020211652196255338e-17,6.187574552968035910e-61,-3.516301496380854275e+01
7.692949999999999591e+02,-3.252380000000000138e+01,-3.252210888225813790e+01,4.870758901292464963e-17,5.941322283275032925e-60,-3.252210888225813790e+01
7.693949999999999818e+02,-2.914979999999999905e+01,-2.914805157605935548e+01,1.164312161824613566e-16,5.603243300667374624e-59,-2.914805157605935548e+01
7.694950000000000045e+02,-2.514669999999999916e+01,-2.514496007617719542e+01,2.759403906653724041e-16,5.190265250775992665e-58,-2.514496007617719542e+01
7.695950000000000273e+02,-2.054560000000000031e+01,-2.054396014474178145e+01,6.483867862492974774e-16,4.722079875839050562e-57,-2.054396014474178145e+01
7.696950000000000500e+02,-1.546829999999999927e+01,-1.546687581626909491e+01,1.510518596007466880e-15,4.219595379271345174e-56,-1.546687581626909314e+01
7.697949999999999591e+02,-1.010089999999999932e+01,-1.009982719834724740e+01,3.488920204544283993e-15,3.703411665664489903e-55,-1.009982719834724385e+01
7.698949999999999818e+02,-4.654080000000000439e+00,-4.653509798714416057e+00,7.989673592675557112e-15,3.192470373124684019e-54,-4.653509798714408063e+00
7.699950000000000045e+02,6.800270000000000481e-01,6.799308931368744924e-01,1.814011673205758118e-14,2.702996380279284889e-53,6.799308931368925890e-01
7.700950000000000273e+02,5.743669999999999831e+00,5.742733623794631370e+00,4.083420996689489099e-14,2.247800460207112241e-52,5.742733623794672226e+00
7.701950000000000500e+02,1.046840000000000082e+01,1.046643133239716050e+01,9.113417733587906104e-14,1.835962264378842327e-51,1.046643133239725110e+01
7.702949999999999591e+02,1.486730000000000018e+01,1.486407482178550410e+01,2.016561342274021163e-13,1.472866718082216496e-50,1.486407482178570660e+01
7.703949999999999818e+02,1.894630000000000081e+01,1.894155895995277916e+01,4.423995099321156671e-13,1.160531278086401839e-49,1.894155895995322325e+01
7.704950000000000045e+02,2.265859999999999985e+01,2.265205954944016042e+01,9.622565518799068916e-13,8.981398251085556316e-49,2.265205954944112321e+01
7.705950000000000273e+02,2.587349999999999994e+01,2.586488505331704957e+01,2.075105379800867606e-12,6.826919183239289145e-48,2.586488505331912435e+01
7.706950000000000500e+02,2.835989999999999966e+01,2.834900764038943066e+01,4.436724641105970644e-12,5.096819720194676501e-47,2.834900764039386800e+01
7.707949999999999591e+02,2.983409999999999940e+01,2.982088258057170904e+01,9.404979103173343986e-12,3.737381971251471854e-46,2.982088258058111307e+01
7.708949999999999818e+02,3.005870000000000175e+01,3.004333910757868864e+01,1.976633875606373922e-11,2.691717036671598624e-45,3.004333910759845594e+01
7.709950000000000045e+02,2.890309999999999846e+01,2.888606278250957260e+01,4.118771254020484531e-11,1.904079264130675088e-44,2.888606278255075921e+01
7.710950000000000273e+02,2.639880000000000138e+01,2.638085096163438337e+01,8.509071086966160688e-11,1.322922329237267633e-43,2.638085096171947441e+01
7.711950000000000500e+02,2.274010000000000176e+01,2.272226610948824188e+01,1.742888765967472197e-10,9.027705296569199228e-43,2.272226610966253091e+01
7.712949999999999591e+02,1.823809999999999931e+01,1.822160231196410152e+01,3.539404748458604932e-10,6.050818179889015453e-42,1.822160231231804062e+01
7.713949999999999818e+02,1.326050000000000040e+01,1.324666480963658444e+01,7.126295512542279172e-10,3.983313938176536042e-41,1.324666481034921439e+01
7.714950000000000045e+02,8.174210000000000420e+00,8.164373433741797470e+00,1.422559584361644258e-09,2.575542210875570767e-40,8.164373435164357318e+00
7.715950000000000273e+02,3.290739999999999998e+00,3.286172767483896973e+00,2.815465073737402349e-09,1.635635436825615492e-39,3.286172770299362167e+00
7.716950000000000500e+02,-1.148039999999999949e+00,-1.146202336084014339e+00,5.524625737186802396e-09,1.020229914683059557e-38,-1.146202330559388693e+00
7.717949999999999591e+02,-4.960650000000000226e+00,-4.951492372339110659e+00,1.074802382015985630e-08,6.250335060234018371e-38,-4.951492361591086855e+00
7.718949999999999818e+02,-8.032310000000000727e+00,-8.015209696239349313e+00,2.073134209264541509e-08,3.760990598461959416e-37,-8.015209675508007336e+00
7.719950000000000045e+02,-1.030419999999999980e+01,-1.027890249146495805e+01,3.964598896813117573e-08,2.222771909303464017e-36,-1.027890245181896844e+01
7.720950000000000273e+02,-1.177500000000000036e+01,-1.174166482398794820e+01,7.516992784262174922e-08,1.290271946213800675e-35,-1.174166474881802102e+01
7.721950000000000500e+02,-1.249000000000000021e+01,-1.244922841661299806e+01,1.413064711229479402e-07,7.356331859214414197e-35,-1.244922827530652754e+01
7.722949999999999591e+02,-1.255070000000000086e+01,-1.250346243474125885e+01,2.633619372282525450e-07,4.119410525264845315e-34,-1.250346217137932214e+01
7.723949999999999818e+02,-1.209360000000000035e+01,-1.204112332803345353e+01,4.866503110490810032e-07,2.265700700055496090e-33,-1.204112284138314237e+01
7.724950000000000045e+02,-1.126650000000000063e+01,-1.121014240156700303e+01,8.915671170137708563e-07,1.223950084268502085e-32,-1.121014150999988601e+01
7.725950000000000273e+02,-1.019170000000000087e+01,-1.013293500889979448e+01,1.619437230102911815e-06,6.494094102118332222e-32,-1.013293338946256483e+01
7.726950000000000500e+02,-8.981769999999999143e+00,-8.922081362473223365e+00,2.916400983907160860e-06,3.384286733439028809e-31,-8.922078446072239544e+00
7.727949999999999591e+02,-7.709100000000000286e+00,-7.650061882200137831e+00,5.207189619275551277e-06,1.732245447777150590e-30,-7.650056675010518781e+00
7.728949999999999818e+02,-6.409729999999999706e+00,-6.353171200553141773e+00,9.217912669361738530e-06,8.708541165397390122e-30,-6.353161982640472161e+00
7.729950000000000045e+02,-5.118380000000000152e+00,-5.066350823511534429e+00,1.617837231647185572e-05,4.300065714919518342e-29,-5.066334645139217940e+00
7.730950000000000273e+02,-3.884819999999999940e+00,-3.839336907586452519e+00,2.815205498043535964e-05,2.085443745767648732e-28,-3.839308755531471995e+00
7.731950000000000500e+02,-2.730970000000000120e+00,-2.694152189792699659e+00,4.856891683944239928e-05,9.933803597769766955e-28,-2.694103620875860194e+00
7.732949999999999591e+02,-1.660730000000000040e+00,-1.634955874760885663e+00,8.307680275535226538e-05,4.647574522895075921e-27,-1.634872797958130342e+00
7.733949999999999818e+02,-6.436929999999999596e-01,-6.321963333358245896e-01,1.408880538567539736e-04,2.135653828328898010e-26,-6.320554452819678870e-01
7.734950000000000045e+02,4.342239999999999989e-01,4.253020555046728157e-01,2.368872061296589931e-04,9.638935140255961789e-26,4.255389427108024480e-01
7.735950000000000273e+02,1.762320000000000109e+00,1.720680609063719002e+00,3.948954060770538520e-04,4.272882600238417515e-25,1.721075504469796069e+00
7.736950000000000500e+02,3.541349999999999998e+00,3.445176020215463542e+00,6.526729248498574793e-04,1.860401008374009172e-24,3.445828693140313259e+00
7.737949999999999591e+02,5.938819999999999766e+00,5.753542134601775437e+00,1.069503357778677855e-03,7.955836971781384415e-24,5.754611637959554216e+00
7.738949999999999818e+02,9.022949999999999804e+00,8.699774589494055022e+00,1.737567751495781810e-03,3.341634047093239252e-23,8.701512157245550938e+00
7.739950000000000045e+02,1.270969999999999978e+01,1.218744218714760841e+01,2.798816224381774423e-03,1.378559776179452326e-22,1.219024100337199101e+01
7.740950000000000273e+02,1.676529999999999987e+01,1.597558356489130560e+01,4.469717320488699602e-03,5.585808220499340833e-22,1.598005328221179511e+01
7.741950000000000500e+02,2.086560000000000059e+01,1.973995199686548929e+01,7.077156063840532065e-03,2.223003479191396194e-21,1.974702915292932914e+01
7.742949999999999591e+02,2.467640000000000100e+01,2.315335573630664001e+01,1.110990965798777132e-02,8.689363536189790101e-21,2.316446564596462920e+01
7.743949999999999818e+02,2.796630000000000038e+01,2.599382782136365577e+01,1.729160563103700199e-02,3.336026524726666946e-20,2.601111942699469282e+01
7.744950000000000045e+02,3.064859999999999829e+01,2.818170857536661700e+01,2.668290785970808474e-02,1.257953900678305843e-19,2.820839148322632539e+01
7.745950000000000273e+02,3.280250000000000199e+01,2.979397747218614612e+01,4.082291670887589624e-02,4.659010190523240424e-19,2.983480038889502239e+01
7.746950000000000500e+02,3.463380000000000081e+01,3.102041339179119817e+01,6.192242347634226152e-02,1.694791580356664892e-18,3.108233581526754108e+01
7.747949999999999591e+02,3.641470000000000340e+01,3.210119666452206388e+01,9.312470268876701929e-02,6.055257808149178212e-18,3.219432136721083282e+01
7.748949999999999818e+02,3.836370000000000147e+01,3.321512675054287911e+01,1.388528803689972335e-01,2.124920479183325042e-17,3.335397963091187989e+01
7.749950000000000045e+02,4.062180000000000035e+01,3.445999130513511233e+01,2.052664290211490550e-01,7.323967846744372189e-17,3.466525773415626333e+01
7.750950000000000273e+02,4.321059999999999945e+01,3.582167862785346557e+01,3.008527605097897073e-01,2.479384484242351314e-16,3.612253138836325661e+01
7.751950000000000500e+02,4.604829999999999757e+01,3.719736169935305270e+01,4.371828474214821680e-01,8.243943987466258130e-16,3.763454454677453498e+01
7.752949999999999591e+02,4.895570000000000022e+01,3.841213109319159003e+01,6.298617968953649227e-01,2.692277915702778844e-15,3.904199289008695217e+01
7.753949999999999818e+02,5.173729999999999762e+01,3.929504516546600001e+01,8.997056776946604773e-01,8.635717928061777643e-15,4.019475084316066926e+01
7.754950000000000045e+02,5.418970000000000198e+01,3.969182312936367651e+01,1.274173869335459175e+00,2.720637695676667441e-14,4.096599699869916122e+01
7.755950000000000273e+02,5.616040000000000276e+01,3.951194798305827760e+01,1.789080851268034733e+00,8.418538008921550235e-14,4.130102883432639516e+01
7.756950000000000500e+02,5.758299999999999841e+01,3.874884225082740130e+01,2.490601701071279983e+00,2.558564360705362240e-13,4.123944395189893442e+01
7.757949999999999591e+02,5.854099999999999682e+01,3.750948289603994112e+01,3.437570654126035574e+00,7.637473535484253331e-13,4.094705355016673565e+01
7.758949999999999818e+02,5.925209999999999866e+01,3.598009250984687668e+01,4.704051046613007436e+00,2.239220151360201492e-12,4.068414355646212499e+01
7.759950000000000045e+02,6.009680000000000177e+01,3.441716966275124179e+01,6.382127240274305890e+00,6.448186238520534546e-12,4.079929690303200118e+01
7.760950000000000273e+02,6.156089999999999662e+01,3.308467119988994654e+01,8.584834573635133026e+00,1.823778342687829031e-11,4.166950577354332097e+01
7.761950000000000500e+02,6.414079999999999870e+01,3.218494472551694940e+01,1.144910249261904411e+01,5.066408913637363361e-11,4.363404721818665166e+01
7.762949999999999591e+02,6.823050000000000637e+01,3.180384384005012777e+01,1.513854009344780316e+01,1.382363083176402959e-10,4.694238393363616524e+01
7.763949999999999818e+02,7.407630000000000337e+01,3.191238378204908344e+01,1.984584464922236435e+01,3.704569258082414674e-10,5.175822843164190346e+01
7.764950000000000045e+02,8.170019999999999527e+01,3.236759227386678361e+01,2.579456565515551603e+01,9.750951872325621576e-10,5.816215792999739165e+01
7.765950000000000273e+02,9.091299999999999670e+01,3.296111674471926278e+01,3.323991397402176773e+01,2.520867449484876392e-09,6.620103072126190114e+01
7.766950000000000500e+02,1.014210000000000065e+02,3.349233968071260392e+01,4.246827322771540025e+01,6.400983552629355136e-09,7.596061291482898525e+01
7.767949999999999591e+02,1.129489999999999981e+02,3.382068891038733227e+01,5.379505481103022646e+01,1.596383076862779442e-08,8.761574373738139343e+01
7.768949999999999818e+02,1.253299999999999983e+02,3.388279114345998266e+01,6.756054522690409669e+01,3.910400342997330148e-08,1.014433364094680883e+02
7.769950000000000045e+02,1.386270000000000095e+02,3.370142855692068196e+01,8.412343096620254812e+01,9.408037343640643158e-08,1.178248596172036002e+02
7.770950000000000273e+02,1.532249999999999943e+02,3.337151792880856505e+01,1.038517569303599686e+02,2.223159110324920896e-07,1.372232750814844451e+02
7.771950000000000500e+02,1.697920000000000016e+02,3.301411455747524570e+01,1.271111825822623729e+02,5.159834388935821419e-07,1.601252976557210559e+02
7.772949999999999591e+02,1.892129999999999939e+02,3.274019520492945645e+01,1.542505460447721077e+02,1.176236582565490623e-06,1.869907424259381514e+02
7.773949999999999818e+02,2.125070000000000050e+02,3.262744384800141262e+01,1.855849271996576135e+02,2.633584790359054897e-06,2.182123736812438040e+02
7.774950000000000045e+02,2.406920000000000073e+02,3.270385575453148164e+01,2.213766093969144890e+02,5.791534282944639944e-06,2.540804709429802415e+02
7.775950000000000273e+02,2.746340000000000146e+02,3.294415004188101648e+01,2.618145643401563234e+02,1.250931880337904592e-05,2.947587268913561616e+02
7.776950000000000500e+02,3.149689999999999941e+02,3.328455686273471059e+01,3.069933106838221875e+02,2.653795132736534734e-05,3.402778940845082047e+02
7.777949999999999591e+02,3.620840000000000032e+02,3.364322893837399420e+01,3.568922051331244916e+02,5.529614163265644979e-05,3.905354893676400820e+02
7.778949999999999818e+02,4.161039999999999850e+02,3.393570249292255880e+01,4.113563945112958891e+02,1.131660005673156515e-04,4.452922101702190503e+02
7.779950000000000045e+02,4.768809999999999718e+02,3.408538856292864949e+01,4.700807670571529684e+02,2.274734998364592593e-04,5.041663830935814303e+02
7.780950000000000273e+02,5.440040000000000191e+02,3.403112709369871425e+01,5.325982714998292522e+02,4.490961735140786590e-04,5.666298476897014780e+02
7.781950000000000500e+02,6.167440000000000282e+02,3.372693778585074398e+01,5.982739074949881797e+02,8.708464845283478807e-04,6.320017161273234478e+02
7.782949999999999591e+02,6.939479999999999791e+02,3.313909721393545027e+01,6.663055212293194245e+02,1.658584316740690590e-03,6.994462770275715684e+02
7.783949999999999818e+02,7.739550000000000409e+02,3.224566432641832847e+01,7.357322638947761106e+02,3.102610151147594010e-03,7.679810308313456062e+02
7.784950000000000045e+02,8.546269999999999527e+02,3.104020693904923789e+01,8.054511961892346790e+02,5.700468719431818140e-03,8.364971035970032744e+02
7.785950000000000273e+02,9.334320000000000164e+02,2.953376893576532680e+01,8.742420668126829923e+02,1.028697366068266790e-02,9.037861227221089848e+02
7.786950000000000500e+02,1.007669999999999959e+03,2.775743538889854278e+01,9.407997842830180844e+02,1.823301091581930669e-02,9.685754526828324060e+02
7.787949999999999591e+02,1.074759999999999991e+03,2.576148846304150908e+01,1.003773574336552883e+03,3.174116475142355759e-02,1.029566803964345809e+03
7.788949999999999818e+02,1.132609999999999900e+03,2.361270712700172325e+01,1.061811309992702945e+03,5.427265026424676897e-02,1.085478289769968796e+03
7.789950000000000045e+02,1.179730000000000018e+03,2.138419328296486199e+01,1.113607060198214185e+03,9.114501135522155850e-02,1.135082398492534139e+03
7.790950000000000273e+02,1.215349999999999909e+03,1.914808038556348180e+01,1.157949565910961610e+03,1.503413619355374320e-01,1.177247987658460488e+03
7.791950000000000500e+02,1.239349999999999909e+03,1.696795052112430824e+01,1.193769153508943873e+03,2.435666148051303936e-01,1.210980670644873271e+03
7.792949999999999591e+02,1.252109999999999900e+03,1.489418846545731334e+01,1.220180558706839747e+03,3.875705268261394054e-01,1.235462317699123105e+03
7.793949999999999818e+02,1.254240000000000009e+03,1.296141557857415982e+01,1.236519271185006119e+03,6.057276932270990732e-01,1.250086414456807461e+03
7.794950000000000045e+02,1.246549999999999955e+03,1.119106972595408145e+01,1.242369317861034233e+03,9.298177212479329379e-01,1.254490205308236227e+03
7.795950000000000273e+02,1.229869999999999891e+03,9.592749521752242714e+00,1.237580863304337527e+03,1.401883459774927454e+00,1.248575496285864801e+03
7.796950000000000500e+02,1.205130000000000109e+03,8.168047986848639752e+00,1.222276587679055865e+03,2.075963471979549002e+00,1.232520599137884119e+03
7.797949999999999591e+02,1.173289999999999964e+03,6.912350621416851304e+00,1.196846463215641052e+03,3.019403864138120230e+00,1.206778217701196127e+03
7.798949999999999818e+02,1.135380000000000109e+03,5.817072895681553391e+00,1.161931239699466005e+03,4.313366972967662250e+00,1.172061679568115323e+03
7.799950000000000045e+02,1.092470000000000027e+03,4.870944185725378794e+00,1.118395615292691446e+03,6.052089111274788991e+00,1.129318648589691747e+03
7.800950000000000273e+02,1.045529999999999973e+03,4.060637164476871952e+00,1.067292660832747970e+03,8.340420027350148757e+00,1.079693718024574991e+03
7.801950000000000500e+02,9.954279999999999973e+02,3.371979886111711622e+00,1.009821540078838439e+03,1.128922773648481659e+01,1.024482747701435073e+03
7.802949999999999591e+02,9.429009999999999536e+02,2.790712254726614550e+00,9.472808924308154701e+02,1.500839492112553941e+01,9.650799996066675703e+02
7.803949999999999818e+02,8.885240000000000009e+02,2.303014080140060038e+00,8.810203991206791443e+02,1.959737788316410345e+01,9.029207910839833175e+02
7.804950000000000045e+02,8.327989999999999782e+02,1.896129563820831532e+00,8.123930342602309338e+02,2.513363987667417021e+01,8.394228037007259218e+02
7.805950000000000273e+02,7.762580000000000382e+02,1.558683338957695064e+00,7.427103184828700932e+02,3.165967937848426672e+01,7.759286812003120986e+02
7.806950000000000500e+02,7.195270000000000437e+02,1.280701924914996237e+00,6.732025682761998269e+02,3.916979872189199341e+01,7.136530689230067992e+02
7.807949999999999591e+02,6.633179999999999836e+02,1.053444592780100164e+00,6.049857016142334487e+02,4.759812777834093112e+01,6.536372739853544545e+02
7.808949999999999818e+02,6.084160000000000537e+02,8.692681207304138180e-01,5.390356598202740770e+02,5.680964878917436778e+01,5.967145767301789192e+02
7.809950000000000045e+02,5.556019999999999754e+02,7.214455465610366547e-01,4.761709788473107778e+02,6.659598416499510165e+01,5.434884085588669222e+02
7.810950000000000273e+02,5.055480000000000018e+02,6.040212488407636915e-01,4.170435309893059639e+02,7.667745354299964333e+01,4.943250057811463876e+02
7.811950000000000500e+02,4.587269999999999754e+02,5.117292609021001359e-01,3.621369961350572453e+02,8.671236370160167439e+01,4.493610890975610346e+02
7.812949999999999591e+02,4.154030000000000200e+02,4.399959658514682181e-01,3.117722381037014543e+02,9.631370094664153214e+01,4.085259350161944667e+02
7.813949999999999818e+02,3.756220000000000141e+02,3.848977047653572847e-01,2.661184751342814252e+02,1.050724408319523491e+02,3.715758136709991390e+02
7.814950000000000045e+02,3.392599999999999909e+02,3.431357702548001321e-01,2.252089531125020301e+02,1.125857107539443405e+02,3.381377996367011747e+02
7.815950000000000273e+02,3.060779999999999745e+02,3.119816519253118536e-01,1.889597549847607638e+02,1.184871981429273404e+02,3.077589347796134120e+02
7.816950000000000500e+02,2.758039999999999736e+02,2.892351480286905474e-01,1.571904011921969584e+02,1.224766472023480617e+02,2.799562835425737148e+02
7.817949999999999591e+02,2.481680000000000064e+02,2.731434489552409528e-01,1.296449986415536273e+02,1.243451502333187193e+02,2.542632923238275851e+02
7.818949999999999818e+02,2.229350000000000023e+02,2.623413379567978709e-01,1.060128603641069986e+02,1.239932709568492868e+02,2.302684726589130833e+02
7.819950000000000045e+02,1.999000000000000057e+02,2.557775747532778365e-01,8.594772337176871702e+01,1.214398118162858964e+02,2.076433127628079092e+02
7.820950000000000273e+02,1.789019999999999868e+02,2.526876331397094888e-01,6.908491730729006974e+01,1.168201494249016861e+02,1.861577543653314706e+02
7.821950000000000500e+02,1.597709999999999866e+02,2.524978819529727359e-01,5.505606229749527358e+01,1.103743432426188917e+02,1.656829034220671417e+02
7.822949999999999591e+02,1.423170000000000073e+02,2.547722508270442998e-01,4.350108519510403937e+01,1.024264711894497424e+02,1.461823286353808271e+02
7.823949999999999818e+02,1.263149999999999977e+02,2.591413235982705787e-01,3.407752738856440544e+01,9.335766737820895855e+01,1.276943360903716354e+02
7.824950000000000045e+02,1.115330000000000013e+02,2.652979148771559825e-01,2.646726707343615459e+01,8.357597974932065199e+01,1.103085447376339658e+02
7.825950000000000273e+02,9.773149999999999693e+01,2.729548592285730990e-01,2.038089088305531860e+01,7.348634784199188630e+01,9.414019358427577799e+01
7.826950000000000500e+02,8.474630000000000507e+01,2.820321260556079568e-01,1.556002418899222306e+01,6.346372435681987412e+01,7.930578067186770852e+01
7.827949999999999591e+02,7.250879999999999370e+01,2.928374206982321537e-01,1.177796912794223516e+01,5.383170669490326787e+01,6.590251324354373708e+01
7.828949999999999818e+02,6.107090000000000174e+01,3.063933425502363139e-01,8.839009391331821064e+00,4.484814104084938435e+01,5.399354377473144240e+01
7.829950000000000045e+02,5.057070000000000221e+01,3.247160844941027191e-01,6.576727064265088352e+00,3.669817324574236039e+01,4.359961639450155246e+01
7.830950000000000273e+02,4.119800000000000040e+01,3.511577561141201453e-01,4.851645746112494884e+00,2.949430385393944931e+01,3.469710735616606456e+01
7.831950000000000500e+02,3.310280000000000200e+01,3.904896143565845801e-01,3.548472024487763665e+00,2.328228262109840685e+01,2.722124425994275398e+01
7.832949999999999591e+02,2.634230000000000160e+01,4.489906931772672527e-01,2.573159628135414767e+00,1.805122446476218201e+01,2.107337478607486503e+01
7.833949999999999818e+02,2.085050000000000026e+01,5.345031529833453865e-01,1.849971815504551476e+00,1.374616269194394214e+01,1.613063766043183733e+01
7.834950000000000045e+02,1.646999999999999886e+01,6.568217866365295698e-01,1.318671241428778895e+00,1.028134649907495479e+01,1.225683952714026326e+01
7.835950000000000273e+02,1.297879999999999967e+01,8.281860760905974672e-01,9.319250757944198549e-01,7.552873574697535730e+00,9.312984726582552497e+00
7.836950000000000500e+02,1.015729999999999933e+01,1.064385937135485571e+00,6.529779263214487983e-01,5.449644062838524761e+00,7.167007926295458908e+00
7.837949999999999591e+02,7.848770000000000024e+00,1.386385143588676261e+00,4.536167084409982175e-01,3.862048856351335768e+00,5.702050708381010580e+00
7.838949999999999818e+02,5.978880000000000194e+00,1.822080395398945729e+00,3.124299255512026918e-01,2.688197001506361872e+00,4.822707322456510681e+00
7.839950000000000045e+02,4.508490000000000109e+00,2.407312700929281846e+00,2.133483299454052018e-01,1.837799480258440976e+00,4.458460511133127468e+00
7.840950000000000273e+02,3.442190000000000083e+00,3.187239625759112016e+00,1.444438015129168307e-01,1.234038927304643263e+00,4.565722354576672082e+00
7.841950000000000500e+02,2.804320000000000146e+00,4.216413832466151312e+00,9.695754530341896271e-02,8.138667348620612918e-01,5.127238112631631317e+00
7.842949999999999591e+02,2.611860000000000070e+00,5.556844807370328709e+00,6.452638777627600630e-02,5.271951903381771887e-01,6.148566385484781627e+00
7.843949999999999818e+02,2.878420000000000201e+00,7.273683784861945334e+00,4.257612531909856640e-02,3.354156205828677240e-01,7.651675530763911937e+00
7.844950000000000045e+02,3.673470000000000013e+00,9.428886686485626001e+00,2.785274205517503793e-02,2.095988193939495314e-01,9.666338247934751493e+00
7.845950000000000273e+02,5.083499999999999908e+00,1.206825964149389563e+01,1.806520185869257139e-02,1.286435698209826561e-01,1.221496841317357074e+01
7.846950000000000500e+02,7.198450000000000237e+00,1.520557691571797321e+01,1.161691255021875951e-02,7.754986342925178355e-02,1.529474369169744286e+01
7.847949999999999591e+02,1.007019999999999982e+01,1.880575455980567057e+01,7.406476707260803254e-03,4.591638563489601477e-02,1.885907742214782701e+01
7.848949999999999818e+02,1.368870000000000076e+01,2.277499272588461565e+01,4.681722223289636921e-03,2.670226214830075454e-02,2.280637671025620605e+01
7.849950000000000045e+02,1.792350000000000065e+01,2.696163623967663980e+01,2.934084813322927667e-03,1.525183572710294908e-02,2.697982216021706492e+01
7.850950000000000273e+02,2.255900000000000105e+01,3.117722308170727175e+01,1.823109375144653680e-03,8.556376491991875277e-03,3.118760256757440885e+01
7.851950000000000500e+02,2.732100000000000151e+01,3.522836034119301019e+01,1.123119131362930847e-03,4.714670606935472165e-03,3.523419813093131125e+01
7.852949999999999591e+02,3.195220000000000127e+01,3.895267126886404441e+01,6.859808085428331518e-04,2.551564370528884573e-03,3.895590881404311290e+01
7.853949999999999818e+02,3.623539999999999850e+01,4.224036655792151151e+01,4.154044516054076607e-04,1.356298887479262527e-03,4.224213826126059956e+01
7.854950000000000045e+02,4.003130000000000166e+01,4.504181239770891665e+01,2.494039725002397180e-04,7.081055284053153773e-04,4.504276990720982354e+01
7.855950000000000273e+02,4.326720000000000255e+01,4.735774919342545530e+01,1.484597164946540085e-04,3.631067044017699617e-04,4.735826075984634542e+01
7.856950000000000500e+02,4.592600000000000193e+01,4.922312252210890193e+01,8.761670708544170758e-05,1.828791749221496496e-04,4.922339301799090805e+01
7.857949999999999591e+02,4.801970000000000027e+01,5.068852251004973652e+01,5.126704278795306036e-05,9.046653213137105553e-05,5.068866424362465040e+01
7.858949999999999818e+02,4.959740000000000038e+01,5.181091460138583216e+01,2.974148483951052829e-05,4.395470149097751542e-05,5.181098829757215896e+01
7.859950000000000045e+02,5.075690000000000168e+01,5.265238849100332885e+01,1.710645686193729080e-05,2.097569842461420220e-05,5.265242657315861408e+01
7.860950000000000273e+02,5.165679999999999694e+01,5.328638382211126157e+01,9.755073055056315176e-06,9.831532720621133408e-06,5.328640340871703529e+01
7.861950000000000500e+02,5.250650000000000261e+01,5.380407262237508803e+01,5.515362038670737753e-06,4.526053994705564405e-06,5.380408266379112092e+01
7.862949999999999591e+02,5.353410000000000224e+01,5.431525058427421015e+01,3.091651727046111512e-06,2.046500879281504757e-06,5.431525572242681932e+01
7.863949999999999818e+02,5.495879999999999654e+01,5.494643282677967733e+01,1.718225437104834693e-06,9.088617863823468281e-07,5.494643545386689709e+01
7.864950000000000045e+02,5.694760000000000133e+01,5.582733968265404201e+01,9.467662397558039146e-07,3.964399885133256609e-07,5.582734102586027092e+01
7.865950000000000273e+02,5.959570000000000078e+01,5.707697922282535785e+01,5.172237065395205131e-07,1.698442189771590112e-07,5.707697990989328218e+01
7.866950000000000500e+02,6.294879999999999853e+01,5.880228464301402624e+01,2.801477385467026233e-07,7.146901339526564556e-08,5.880228499463077441e+01
7.867949999999999591e+02,6.701810000000000400e+01,6.109594084790667523e+01,1.504419173363261129e-07,2.953782462322601717e-08,6.109594102788641834e+01
7.868949999999999818e+02,7.176839999999999975e+01,6.402229692330433863e+01,8.009836262561866377e-08,1.199037957204983551e-08,6.402229701539307882e+01
7.869950000000000045e+02,7.711069999999999425e+01,6.760298985874636912e+01,4.228160422924182455e-08,4.780585155460427710e-09,6.760298990580855616e+01
7.870950000000000273e+02,8.288280000000000314e+01,7.179441184520887020e+01,2.212851728196518871e-08,1.872073470415590924e-09,7.179441186920945484e+01
7.871950000000000500e+02,8.880140000000000100e+01,7.644471841476641316e+01,1.148222924119874134e-08,7.200429826824374001e-10,7.644471842696869146e+01
7.872949999999999591e+02,9.449490000000000123e+01,8.129713190962296210e+01,5.907084063194547256e-09,2.720117464377975782e-10,8.129713191580205489e+01
7.873949999999999818e+02,9.956449999999999534e+01,8.602299726347897035e+01,3.012958357256186115e-09,1.009277516302687892e-10,8.602299726659285284e+01
7.874950000000000045e+02,1.036620000000000061e+02,9.028147780239777376e+01,1.523653266388826708e-09,3.678131410904137536e-11,9.028147780395821087e+01
7.875950000000000273e+02,1.065610000000000070e+02,9.378920233791723149e+01,7.639276065797073986e-10,1.316550697731199726e-11,9.378920233869432366e+01
7.876950000000000500e+02,1.082199999999999989e+02,9.639369311452416866e+01,3.797443336423672792e-10,4.628514587630493656e-12,9.639369311490854386e+01
7.877949999999999591e+02,1.087129999999999939e+02,9.804607676187683296e+01,1.871558642661361533e-10,1.598230407759944072e-12,9.804607676206558153e+01
7.878949999999999818e+02,1.081730000000000018e+02,9.876894154864321251e+01,9.145103331051377923e-11,5.420393862244484492e-13,9.876894154873519938e+01
7.879950000000000045e+02,1.067090000000000032e+02,9.859086485937432087e+01,4.430439741831657396e-11,1.805576957044601668e-13,9.859086485941881506e+01
7.880950000000000273e+02,1.043229999999999933e+02,9.746961627138401241e+01,2.128031690470009050e-11,5.907379417810378294e-14,9.746961627140534290e+01
7.881950000000000500e+02,1.009449999999999932e+02,9.531089233498386193e+01,1.013403472388038205e-11,1.898311289774167385e-14,9.531089233499400848e+01
7.882949999999999591e+02,9.652389999999999759e+01,9.204256451171147546e+01,4.784755219077098806e-12,5.991474273682937090e-15,9.204256451171626452e+01
7.883949999999999818e+02,9.120159999999999911e+01,8.777288455968809444e+01,2.239804441292816924e-12,1.857349658606676555e-15,8.777288455969033976e+01
7.884950000000000045e+02,8.521769999999999357e+01,8.271383419409380622e+01,1.039521600270104068e-12,5.655191877759015530e-16,8.271383419409484361e+01
7.885950000000000273e+02,7.941519999999999868e+01,7.765100465007569142e+01,4.783325932195148210e-13,1.691199036989531978e-16,7.765100465007617458e+01
7.886950000000000500e+02,7.412879999999999825e+01,7.292806199297324099e+01,2.182224717641709663e-13,4.967476298233292814e-17,7.292806199297345415e+01
7.887949999999999591e+02,7.131040000000000134e+01,7.042073622023713142e+01,9.870564863224489531e-14,1.433080503709679103e-17,7.042073622023723090e+01
7.888949999999999818e+02,6.886159999999999570e+01,6.820615974355141020e+01,4.426470587065044948e-14,4.060682884546112868e-18,6.820615974355145283e+01
